;language:;French;;;;;;;;;;;;;;;;;;;;;;;
;corpus:;French Web 2012;;;;;;;;;;;;;;;;;;;;;;;
;word form;frequence;;;;;;;;;;;;;;;;;;;;;;;
1;de;484735124;1;;;;;;;;;;;;;;;;;;;;;;
2;la;260760851;0,53794503;;;;;;;;;;;;;;;;;;;;;;
3;et;224298880;0,462724628;;;;;;;;;;;;;;;;;;;;;;
4;le;213270164;0,439972582;;;;;;;;;;;;;;;;;;;;;;
5;les;182565803;0,376630027;;;;;;;;;;;;;;;;;;;;;;
6;?;176771384;0,364676243;;;;;;;;;;;;;;;;;;;;;;
7;des;143022861;0,295053636;;;;;;;;;;;;;;;;;;;;;;
8;en;139279523;0,287331196;;;;;;;;;;;;;;;;;;;;;;
9;un;131336195;0,270944251;;;;;;;;;;;;;;;;;;;;;;
10;est;116548321;0,240437128;;;;;;;;;;;;;;;;;;;;;;
11;que;105139288;0,216900494;;;;;;;;;;;;;;;;;;;;;;
12;une;102875828;0,212231016;;;;;;;;;;;;;;;;;;;;;;
13;pour;97713302;0,201580816;;;;;;;;;;;;;;;;;;;;;;
14;il;88724202;0,183036462;;;;;;;;;;;;;;;;;;;;;;
15;qui;79015372;0,163007317;;;;;;;;;;;;;;;;;;;;;;
16;dans;78998986;0,162973513;;;;;;;;;;;;;;;;;;;;;;
17;a;75074984;0,154878366;;;;;;;;;;;;;;;;;;;;;;
18;pas;73502159;0,151633656;;;;;;;;;;;;;;;;;;;;;;
19;sur;58652500;0,120999072;;;;;;;;;;;;;;;;;;;;;;
20;je;57015144;0,117621235;;;;;;;;;;;;;;;;;;;;;;
21;ce;54897048;0,11325164;;;;;;;;;;;;;;;;;;;;;;
22;par;53345375;0,110050567;;;;;;;;;;;;;;;;;;;;;;
23;plus;51229425;0,105685399;;;;;;;;;;;;;;;;;;;;;;
24;ne;50397411;0,103968969;;;;;;;;;;;;;;;;;;;;;;
25;avec;43224665;0,089171721;;;;;;;;;;;;;;;;;;;;;;
26;se;43134953;0,088986646;;;;;;;;;;;;;;;;;;;;;;
27;vous;41311168;0,08522421;;;;;;;;;;;;;;;;;;;;;;
28;mais;39392714;0,081266473;;;;;;;;;;;;;;;;;;;;;;
29;ou;35845750;0,073949149;;;;;;;;;;;;;;;;;;;;;;
30;on;34747722;0,071683937;;;;;;;;;;;;;;;;;;;;;;
31;son;32946649;0,067968355;;;;;;;;;;;;;;;;;;;;;;
32;elle;32105179;0,066232417;;;;;;;;;;;;;;;;;;;;;;
33;nous;30894729;0,06373528;;;;;;;;;;;;;;;;;;;;;;
34;sont;30840303;0,063623;;;;;;;;;;;;;;;;;;;;;;
35;tout;27127438;0,055963426;;;;;;;;;;;;;;;;;;;;;;
36;comme;25484173;0,052573399;;;;;;;;;;;;;;;;;;;;;;
37;cette;25360088;0,052317414;;;;;;;;;;;;;;;;;;;;;;
38;si;25083936;0,051747717;;;;;;;;;;;;;;;;;;;;;;
39;bien;23754025;0,049004134;;;;;;;;;;;;;;;;;;;;;;
40;sa;22098540;0,045588898;;;;;;;;;;;;;;;;;;;;;;
41;y;21290626;0,043922185;;;;;;;;;;;;;;;;;;;;;;
42;?tre;21135649;0,043602471;;;;;;;;;;;;;;;;;;;;;;
43;fait;20932855;0,04318411;;;;;;;;;;;;;;;;;;;;;;
44;ont;19672829;0,040584699;;;;;;;;;;;;;;;;;;;;;;
45;m?me;19367766;0,039955359;;;;;;;;;;;;;;;;;;;;;;
46;faire;19284008;0,039782568;;;;;;;;;;;;;;;;;;;;;;
47;ses;18890418;0,038970599;;;;;;;;;;;;;;;;;;;;;;
48;était;18087180;0,037313533;;;;;;;;;;;;;;;;;;;;;;
49;ai;18038012;0,0372121;;;;;;;;;;;;;;;;;;;;;;
50;ils;17723623;0,036563521;;;;;;;;;;;;;;;;;;;;;;
51;lui;17040313;0,035153865;;;;;;;;;;;;;;;;;;;;;;
52;ces;16805432;0,034669309;;;;;;;;;;;;;;;;;;;;;;
53;leur;16673606;0,034397355;;;;;;;;;;;;;;;;;;;;;;
54;aussi;16050446;0,033111787;;;;;;;;;;;;;;;;;;;;;;
55;me;15174106;0,031303913;;;;;;;;;;;;;;;;;;;;;;
56;été;15112159;0,031176117;;;;;;;;;;;;;;;;;;;;;;
57;tr?s;14406418;0,029720186;;;;;;;;;;;;;;;;;;;;;;
58;sans;14028359;0,028940257;;;;;;;;;;;;;;;;;;;;;;
59;peut;13706897;0,028277086;;;;;;;;;;;;;;;;;;;;;;
60;deux;13652840;0,028165568;;;;;;;;;;;;;;;;;;;;;;
61;votre;13396856;0,027637477;;;;;;;;;;;;;;;;;;;;;;
62;tous;13271796;0,027379481;;;;;;;;;;;;;;;;;;;;;;
63;avait;13118049;0,027062303;;;;;;;;;;;;;;;;;;;;;;
64;tu;12015147;0,024787036;;;;;;;;;;;;;;;;;;;;;;
65;autres;11641147;0,024015481;;;;;;;;;;;;;;;;;;;;;;
66;peu;11588499;0,023906869;;;;;;;;;;;;;;;;;;;;;;
67;ça;11447699;0,023616401;;;;;;;;;;;;;;;;;;;;;;
68;donc;11298135;0,023307853;;;;;;;;;;;;;;;;;;;;;;
69;alors;11046025;0,022787754;;;;;;;;;;;;;;;;;;;;;;
70;mon;11027942;0,02275045;;;;;;;;;;;;;;;;;;;;;;
71;temps;10907888;0,02250278;;;;;;;;;;;;;;;;;;;;;;
72;encore;10580992;0,0218284;;;;;;;;;;;;;;;;;;;;;;
73;entre;10494297;0,021649549;;;;;;;;;;;;;;;;;;;;;;
74;avoir;10291791;0,021231783;;;;;;;;;;;;;;;;;;;;;;
75;o?;10166659;0,020973638;;;;;;;;;;;;;;;;;;;;;;
76;autre;9859659;0,020340302;;;;;;;;;;;;;;;;;;;;;;
77;apr?s;9798656;0,020214454;;;;;;;;;;;;;;;;;;;;;;
78;quand;9747812;0,020109564;;;;;;;;;;;;;;;;;;;;;;
79;ainsi;9501553;0,019601536;;;;;;;;;;;;;;;;;;;;;;
80;cela;9248290;0,019079059;;;;;;;;;;;;;;;;;;;;;;
81;non;9184071;0,018946576;;;;;;;;;;;;;;;;;;;;;;
82;notre;8927619;0,01841752;;;;;;;;;;;;;;;;;;;;;;
83;suis;8622149;0,017787341;;;;;;;;;;;;;;;;;;;;;;
84;fois;8552768;0,017644209;;;;;;;;;;;;;;;;;;;;;;
85;avant;8306493;0,017136148;;;;;;;;;;;;;;;;;;;;;;
86;moi;8268649;0,017058077;;;;;;;;;;;;;;;;;;;;;;
87;toujours;8048739;0,016604406;;;;;;;;;;;;;;;;;;;;;;
88;leurs;8008722;0,016521852;;;;;;;;;;;;;;;;;;;;;;
89;monde;7960824;0,016423039;;;;;;;;;;;;;;;;;;;;;;
90;car;7945958;0,016392371;;;;;;;;;;;;;;;;;;;;;;
91;moins;7903431;0,016304639;;;;;;;;;;;;;;;;;;;;;;
92;depuis;7848150;0,016190595;;;;;;;;;;;;;;;;;;;;;;
93;ans;7765860;0,016020832;;;;;;;;;;;;;;;;;;;;;;
94;dont;7628254;0,015736953;;;;;;;;;;;;;;;;;;;;;;
95;bon;7494247;0,015460499;;;;;;;;;;;;;;;;;;;;;;
96;vie;7486002;0,01544349;;;;;;;;;;;;;;;;;;;;;;
97;quelques;7388070;0,015241458;;;;;;;;;;;;;;;;;;;;;;
98;ma;7351710;0,015166448;;;;;;;;;;;;;;;;;;;;;;
99;soit;7168048;0,014787556;;;;;;;;;;;;;;;;;;;;;;
100;sous;6969098;0,014377126;;;;;;;;;;;;;;;;;;;;;;
101;beaucoup;6934885;0,014306545;;;;;;;;;;;;;;;;;;;;;;
102;toute;6929437;0,014295306;;;;;;;;;;;;;;;;;;;;;;
103;contre;6898282;0,014231034;;;;;;;;;;;;;;;;;;;;;;
104;va;6852163;0,014135891;;;;;;;;;;;;;;;;;;;;;;
105;voir;6824788;0,014079417;;;;;;;;;;;;;;;;;;;;;;
106;dit;6741786;0,013908185;;;;;;;;;;;;;;;;;;;;;;
107;faut;6734181;0,013892496;;;;;;;;;;;;;;;;;;;;;;
108;rien;6613576;0,01364369;;;;;;;;;;;;;;;;;;;;;;
109;l?;6542240;0,013496526;;;;;;;;;;;;;;;;;;;;;;
110;toutes;6442229;0,013290205;;;;;;;;;;;;;;;;;;;;;;
111;dire;6345448;0,013090547;;;;;;;;;;;;;;;;;;;;;;
112;cas;6263381;0,012921244;;;;;;;;;;;;;;;;;;;;;;
113;nos;6232558;0,012857657;;;;;;;;;;;;;;;;;;;;;;
114;puis;6173550;0,012735925;;;;;;;;;;;;;;;;;;;;;;
115;sera;6132382;0,012650996;;;;;;;;;;;;;;;;;;;;;;
116;site;6085085;0,012553423;;;;;;;;;;;;;;;;;;;;;;
117;trop;6035652;0,012451443;;;;;;;;;;;;;;;;;;;;;;
118;vers;5899903;0,012171396;;;;;;;;;;;;;;;;;;;;;;
119;grand;5872718;0,012115314;;;;;;;;;;;;;;;;;;;;;;
120;France;5815827;0,011997948;;;;;;;;;;;;;;;;;;;;;;
121;jour;5734556;0,011830288;;;;;;;;;;;;;;;;;;;;;;
122;déj?;5658948;0,01167431;;;;;;;;;;;;;;;;;;;;;;
123;pays;5639964;0,011635146;;;;;;;;;;;;;;;;;;;;;;
124;chaque;5441958;0,011226663;;;;;;;;;;;;;;;;;;;;;;
125;place;5427020;0,011195846;;;;;;;;;;;;;;;;;;;;;;
126;également;5331370;0,010998522;;;;;;;;;;;;;;;;;;;;;;
127;vos;5329904;0,010995498;;;;;;;;;;;;;;;;;;;;;;
128;jamais;5326728;0,010988946;;;;;;;;;;;;;;;;;;;;;;
129;mes;5269047;0,010869951;;;;;;;;;;;;;;;;;;;;;;
130;chez;5234780;0,010799259;;;;;;;;;;;;;;;;;;;;;;
131;cet;5227203;0,010783627;;;;;;;;;;;;;;;;;;;;;;
132;petit;5194134;0,010715407;;;;;;;;;;;;;;;;;;;;;;
133;doit;5060540;0,010439805;;;;;;;;;;;;;;;;;;;;;;
134;travail;5033719;0,010384473;;;;;;;;;;;;;;;;;;;;;;
135;vraiment;4966575;0,010245957;;;;;;;;;;;;;;;;;;;;;;
136;plusieurs;4926923;0,010164155;;;;;;;;;;;;;;;;;;;;;;
137;premier;4896227;0,01010083;;;;;;;;;;;;;;;;;;;;;;
138;elles;4777388;0,009855667;;;;;;;;;;;;;;;;;;;;;;
139;homme;4770623;0,009841711;;;;;;;;;;;;;;;;;;;;;;
140;chose;4756697;0,009812982;;;;;;;;;;;;;;;;;;;;;;
141;partie;4716405;0,00972986;;;;;;;;;;;;;;;;;;;;;;
142;ceux;4679373;0,009653464;;;;;;;;;;;;;;;;;;;;;;
143;personnes;4568322;0,009424368;;;;;;;;;;;;;;;;;;;;;;
144;part;4531956;0,009349345;;;;;;;;;;;;;;;;;;;;;;
145;moment;4503618;0,009290884;;;;;;;;;;;;;;;;;;;;;;
146;trois;4497104;0,009277446;;;;;;;;;;;;;;;;;;;;;;
147;ici;4478644;0,009239363;;;;;;;;;;;;;;;;;;;;;;
148;comment;4469935;0,009221397;;;;;;;;;;;;;;;;;;;;;;
149;personne;4465276;0,009211786;;;;;;;;;;;;;;;;;;;;;;
150;bonne;4464686;0,009210568;;;;;;;;;;;;;;;;;;;;;;
151;grande;4409095;0,009095885;;;;;;;;;;;;;;;;;;;;;;
152;mois;4402960;0,009083229;;;;;;;;;;;;;;;;;;;;;;
153;fin;4390098;0,009056695;;;;;;;;;;;;;;;;;;;;;;
154;premi?re;4366893;0,009008823;;;;;;;;;;;;;;;;;;;;;;
155;point;4359840;0,008994273;;;;;;;;;;;;;;;;;;;;;;
156;nouveau;4312075;0,008895735;;;;;;;;;;;;;;;;;;;;;;
157;année;4271764;0,008812574;;;;;;;;;;;;;;;;;;;;;;
158;pendant;4239900;0,008746839;;;;;;;;;;;;;;;;;;;;;;
159;peuvent;4198273;0,008660963;;;;;;;;;;;;;;;;;;;;;;
160;prendre;4192279;0,008648598;;;;;;;;;;;;;;;;;;;;;;
161;souvent;4148366;0,008558006;;;;;;;;;;;;;;;;;;;;;;
162;mal;4105592;0,008469764;;;;;;;;;;;;;;;;;;;;;;
163;enfin;4059322;0,00837431;;;;;;;;;;;;;;;;;;;;;;
164;jours;4047047;0,008348986;;;;;;;;;;;;;;;;;;;;;;
165;effet;4041402;0,008337341;;;;;;;;;;;;;;;;;;;;;;
166;certains;4026938;0,008307502;;;;;;;;;;;;;;;;;;;;;;
167;mieux;4024594;0,008302666;;;;;;;;;;;;;;;;;;;;;;
168;afin;4023055;0,008299491;;;;;;;;;;;;;;;;;;;;;;
169;te;4006287;0,008264899;;;;;;;;;;;;;;;;;;;;;;
170;années;4003660;0,00825948;;;;;;;;;;;;;;;;;;;;;;
171;selon;3988451;0,008228104;;;;;;;;;;;;;;;;;;;;;;
172;eu;3966942;0,008183731;;;;;;;;;;;;;;;;;;;;;;
173;histoire;3966604;0,008183034;;;;;;;;;;;;;;;;;;;;;;
174;surtout;3941968;0,00813221;;;;;;;;;;;;;;;;;;;;;;
175;nouvelle;3939983;0,008128115;;;;;;;;;;;;;;;;;;;;;;
176;compte;3936476;0,00812088;;;;;;;;;;;;;;;;;;;;;;
177;ligne;3928478;0,008104381;;;;;;;;;;;;;;;;;;;;;;
178;lors;3914147;0,008074816;;;;;;;;;;;;;;;;;;;;;;
179;mettre;3912097;0,008070587;;;;;;;;;;;;;;;;;;;;;;
180;jeu;3909167;0,008064542;;;;;;;;;;;;;;;;;;;;;;
181;cours;3885596;0,008015916;;;;;;;;;;;;;;;;;;;;;;
182;avons;3874619;0,007993271;;;;;;;;;;;;;;;;;;;;;;
183;suite;3874411;0,007992841;;;;;;;;;;;;;;;;;;;;;;
184;question;3822591;0,007885938;;;;;;;;;;;;;;;;;;;;;;
185;juste;3818679;0,007877867;;;;;;;;;;;;;;;;;;;;;;
186;prix;3812716;0,007865566;;;;;;;;;;;;;;;;;;;;;;
187;reste;3808830;0,007857549;;;;;;;;;;;;;;;;;;;;;;
188;pouvoir;3805370;0,007850411;;;;;;;;;;;;;;;;;;;;;;
189;enfants;3785788;0,007810014;;;;;;;;;;;;;;;;;;;;;;
190;pourquoi;3774116;0,007785935;;;;;;;;;;;;;;;;;;;;;;
191;exemple;3737291;0,007709965;;;;;;;;;;;;;;;;;;;;;;
192;étaient;3736348;0,00770802;;;;;;;;;;;;;;;;;;;;;;
193;tant;3718521;0,007671243;;;;;;;;;;;;;;;;;;;;;;
194;celui;3682770;0,007597489;;;;;;;;;;;;;;;;;;;;;;
195;jeune;3674527;0,007580484;;;;;;;;;;;;;;;;;;;;;;
196;lieu;3635318;0,007499597;;;;;;;;;;;;;;;;;;;;;;
197;oui;3622405;0,007472958;;;;;;;;;;;;;;;;;;;;;;
198;nombre;3608462;0,007444193;;;;;;;;;;;;;;;;;;;;;;
199;maintenant;3586606;0,007399105;;;;;;;;;;;;;;;;;;;;;;
200;niveau;3580583;0,007386679;;;;;;;;;;;;;;;;;;;;;;
201;gens;3575829;0,007376872;;;;;;;;;;;;;;;;;;;;;;
202;groupe;3551750;0,007327198;;;;;;;;;;;;;;;;;;;;;;
203;maison;3537379;0,00729755;;;;;;;;;;;;;;;;;;;;;;
204;eau;3522022;0,007265869;;;;;;;;;;;;;;;;;;;;;;
205;savoir;3495565;0,007211289;;;;;;;;;;;;;;;;;;;;;;
206;seul;3494595;0,007209288;;;;;;;;;;;;;;;;;;;;;;
207;quoi;3490274;0,007200374;;;;;;;;;;;;;;;;;;;;;;
208;dernier;3473310;0,007165377;;;;;;;;;;;;;;;;;;;;;;
209;droit;3466855;0,007152061;;;;;;;;;;;;;;;;;;;;;;
210;avez;3465979;0,007150253;;;;;;;;;;;;;;;;;;;;;;
211;vu;3460109;0,007138144;;;;;;;;;;;;;;;;;;;;;;
212;petite;3447788;0,007112726;;;;;;;;;;;;;;;;;;;;;;
213;nom;3419884;0,00705516;;;;;;;;;;;;;;;;;;;;;;
214;quelque;3410611;0,00703603;;;;;;;;;;;;;;;;;;;;;;
215;assez;3392503;0,006998674;;;;;;;;;;;;;;;;;;;;;;
216;serait;3372571;0,006957554;;;;;;;;;;;;;;;;;;;;;;
217;ni;3356926;0,006925279;;;;;;;;;;;;;;;;;;;;;;
218;devant;3324391;0,00685816;;;;;;;;;;;;;;;;;;;;;;
219;seulement;3316794;0,006842487;;;;;;;;;;;;;;;;;;;;;;
220;eux;3307966;0,006824275;;;;;;;;;;;;;;;;;;;;;;
221;ensemble;3304612;0,006817356;;;;;;;;;;;;;;;;;;;;;;
222;ville;3302345;0,006812679;;;;;;;;;;;;;;;;;;;;;;
223;français;3266617;0,006738973;;;;;;;;;;;;;;;;;;;;;;
224;politique;3263124;0,006731767;;;;;;;;;;;;;;;;;;;;;;
225;besoin;3248745;0,006702104;;;;;;;;;;;;;;;;;;;;;;
226;internet;3234291;0,006672285;;;;;;;;;;;;;;;;;;;;;;
227;ton;3222717;0,006648408;;;;;;;;;;;;;;;;;;;;;;
228;trouve;3164774;0,006528873;;;;;;;;;;;;;;;;;;;;;;
229;dieu;3148446;0,006495188;;;;;;;;;;;;;;;;;;;;;;
230;recherche;3135716;0,006468927;;;;;;;;;;;;;;;;;;;;;;
231;façon;3134087;0,006465566;;;;;;;;;;;;;;;;;;;;;;
232;permet;3113373;0,006422834;;;;;;;;;;;;;;;;;;;;;;
233;projet;3112156;0,006420323;;;;;;;;;;;;;;;;;;;;;;
234;aller;3111155;0,006418258;;;;;;;;;;;;;;;;;;;;;;
235;coup;3108428;0,006412632;;;;;;;;;;;;;;;;;;;;;;
236;sens;3092241;0,006379239;;;;;;;;;;;;;;;;;;;;;;
237;t?te;3081688;0,006357468;;;;;;;;;;;;;;;;;;;;;;
238;possible;3018898;0,006227933;;;;;;;;;;;;;;;;;;;;;;
239;syst?me;3013886;0,006217594;;;;;;;;;;;;;;;;;;;;;;
240;mise;3011707;0,006213098;;;;;;;;;;;;;;;;;;;;;;
241;femme;3008910;0,006207328;;;;;;;;;;;;;;;;;;;;;;
242;aurait;2989730;0,00616776;;;;;;;;;;;;;;;;;;;;;;
243;celle;2988439;0,006165097;;;;;;;;;;;;;;;;;;;;;;
244;lorsque;2983391;0,006154683;;;;;;;;;;;;;;;;;;;;;;
245;fut;2973996;0,006135301;;;;;;;;;;;;;;;;;;;;;;
246;choses;2968973;0,006124939;;;;;;;;;;;;;;;;;;;;;;
247;raison;2956044;0,006098267;;;;;;;;;;;;;;;;;;;;;;
248;face;2955943;0,006098058;;;;;;;;;;;;;;;;;;;;;;
249;demande;2945644;0,006076812;;;;;;;;;;;;;;;;;;;;;;
250;partir;2940597;0,0060664;;;;;;;;;;;;;;;;;;;;;;
251;peut-?tre;2934361;0,006053535;;;;;;;;;;;;;;;;;;;;;;
252;pense;2926103;0,006036499;;;;;;;;;;;;;;;;;;;;;;
253;merci;2903644;0,005990166;;;;;;;;;;;;;;;;;;;;;;
254;service;2893323;0,005968874;;;;;;;;;;;;;;;;;;;;;;
255;corps;2876132;0,00593341;;;;;;;;;;;;;;;;;;;;;;
256;rapport;2876082;0,005933306;;;;;;;;;;;;;;;;;;;;;;
257;trouver;2872601;0,005926125;;;;;;;;;;;;;;;;;;;;;;
258;société;2836808;0,005852285;;;;;;;;;;;;;;;;;;;;;;
259;pourrait;2828319;0,005834772;;;;;;;;;;;;;;;;;;;;;;
260;état;2819767;0,00581713;;;;;;;;;;;;;;;;;;;;;;
261;côté;2817247;0,005811931;;;;;;;;;;;;;;;;;;;;;;
262;pouvez;2812188;0,005801494;;;;;;;;;;;;;;;;;;;;;;
263;sujet;2810199;0,005797391;;;;;;;;;;;;;;;;;;;;;;
264;jeux;2803635;0,005783849;;;;;;;;;;;;;;;;;;;;;;
265;web;2775394;0,005725589;;;;;;;;;;;;;;;;;;;;;;
266;avais;2774443;0,005723627;;;;;;;;;;;;;;;;;;;;;;
267;yeux;2756470;0,005686549;;;;;;;;;;;;;;;;;;;;;;
268;sais;2754669;0,005682833;;;;;;;;;;;;;;;;;;;;;;
269;ensuite;2740977;0,005654587;;;;;;;;;;;;;;;;;;;;;;
270;main;2736031;0,005644384;;;;;;;;;;;;;;;;;;;;;;
271;famille;2728979;0,005629835;;;;;;;;;;;;;;;;;;;;;;
272;Paris;2721081;0,005613542;;;;;;;;;;;;;;;;;;;;;;
273;toi;2695133;0,005560012;;;;;;;;;;;;;;;;;;;;;;
274;aucun;2688121;0,005545546;;;;;;;;;;;;;;;;;;;;;;
275;mis;2664514;0,005496845;;;;;;;;;;;;;;;;;;;;;;
276;pr?s;2647430;0,005461601;;;;;;;;;;;;;;;;;;;;;;
277;forme;2644889;0,005456359;;;;;;;;;;;;;;;;;;;;;;
278;hommes;2642070;0,005450544;;;;;;;;;;;;;;;;;;;;;;
279;font;2638258;0,00544268;;;;;;;;;;;;;;;;;;;;;;
280;plutôt;2631497;0,005428732;;;;;;;;;;;;;;;;;;;;;;
281;passer;2621625;0,005408366;;;;;;;;;;;;;;;;;;;;;;
282;d?s;2619829;0,005404661;;;;;;;;;;;;;;;;;;;;;;
283;développement;2608638;0,005381574;;;;;;;;;;;;;;;;;;;;;;
284;article;2603654;0,005371292;;;;;;;;;;;;;;;;;;;;;;
285;donner;2601944;0,005367765;;;;;;;;;;;;;;;;;;;;;;
286;etc;2598015;0,005359659;;;;;;;;;;;;;;;;;;;;;;
287;vrai;2594984;0,005353406;;;;;;;;;;;;;;;;;;;;;;
288;produits;2578792;0,005320002;;;;;;;;;;;;;;;;;;;;;;
289;loin;2565887;0,00529338;;;;;;;;;;;;;;;;;;;;;;
290;notamment;2565098;0,005291752;;;;;;;;;;;;;;;;;;;;;;
291;services;2564036;0,005289561;;;;;;;;;;;;;;;;;;;;;;
292;choix;2559861;0,005280948;;;;;;;;;;;;;;;;;;;;;;
293;seule;2537843;0,005235525;;;;;;;;;;;;;;;;;;;;;;
294;jeunes;2521729;0,005202282;;;;;;;;;;;;;;;;;;;;;;
295;grâce;2518050;0,005194693;;;;;;;;;;;;;;;;;;;;;;
296;simple;2506288;0,005170428;;;;;;;;;;;;;;;;;;;;;;
297;équipe;2495003;0,005147147;;;;;;;;;;;;;;;;;;;;;;
298;pu;2487312;0,005131281;;;;;;;;;;;;;;;;;;;;;;
299;air;2485317;0,005127165;;;;;;;;;;;;;;;;;;;;;;
300;début;2484924;0,005126354;;;;;;;;;;;;;;;;;;;;;;
301;as;2481270;0,005118816;;;;;;;;;;;;;;;;;;;;;;
302;aide;2474698;0,005105258;;;;;;;;;;;;;;;;;;;;;;
303;entreprise;2468091;0,005091628;;;;;;;;;;;;;;;;;;;;;;
304;qualité;2467256;0,005089906;;;;;;;;;;;;;;;;;;;;;;
305;vue;2458673;0,005072199;;;;;;;;;;;;;;;;;;;;;;
306;mani?re;2448710;0,005051645;;;;;;;;;;;;;;;;;;;;;;
307;probl?me;2442264;0,005038347;;;;;;;;;;;;;;;;;;;;;;
308;pris;2435826;0,005025066;;;;;;;;;;;;;;;;;;;;;;
309;président;2434621;0,00502258;;;;;;;;;;;;;;;;;;;;;;
310;sommes;2425549;0,005003865;;;;;;;;;;;;;;;;;;;;;;
311;veut;2414046;0,004980134;;;;;;;;;;;;;;;;;;;;;;
312;seront;2413023;0,004978024;;;;;;;;;;;;;;;;;;;;;;
313;ayant;2406536;0,004964641;;;;;;;;;;;;;;;;;;;;;;
314;mort;2405685;0,004962886;;;;;;;;;;;;;;;;;;;;;;
315;conseil;2398062;0,00494716;;;;;;;;;;;;;;;;;;;;;;
316;terre;2395642;0,004942167;;;;;;;;;;;;;;;;;;;;;;
317;heures;2392781;0,004936265;;;;;;;;;;;;;;;;;;;;;;
318;long;2388713;0,004927873;;;;;;;;;;;;;;;;;;;;;;
319;étant;2385092;0,004920403;;;;;;;;;;;;;;;;;;;;;;
320;avaient;2378634;0,00490708;;;;;;;;;;;;;;;;;;;;;;
321;passe;2374853;0,00489928;;;;;;;;;;;;;;;;;;;;;;
322;aime;2363312;0,004875471;;;;;;;;;;;;;;;;;;;;;;
323;centre;2357015;0,00486248;;;;;;;;;;;;;;;;;;;;;;
324;tour;2356185;0,004860768;;;;;;;;;;;;;;;;;;;;;;
325;simplement;2353048;0,004854296;;;;;;;;;;;;;;;;;;;;;;
326;femmes;2352130;0,004852403;;;;;;;;;;;;;;;;;;;;;;
327;général;2344691;0,004837056;;;;;;;;;;;;;;;;;;;;;;
328;formation;2342541;0,004832621;;;;;;;;;;;;;;;;;;;;;;
329;situation;2340420;0,004828245;;;;;;;;;;;;;;;;;;;;;;
330;porte;2337654;0,004822539;;;;;;;;;;;;;;;;;;;;;;
331;nombreux;2334075;0,004815156;;;;;;;;;;;;;;;;;;;;;;
332;film;2322355;0,004790977;;;;;;;;;;;;;;;;;;;;;;
333;semble;2320841;0,004787854;;;;;;;;;;;;;;;;;;;;;;
334;base;2314460;0,00477469;;;;;;;;;;;;;;;;;;;;;;
335;argent;2312371;0,004770381;;;;;;;;;;;;;;;;;;;;;;
336;nouvelles;2305778;0,004756779;;;;;;;;;;;;;;;;;;;;;;
337;idée;2304625;0,004754401;;;;;;;;;;;;;;;;;;;;;;
338;marché;2301935;0,004748851;;;;;;;;;;;;;;;;;;;;;;
339;quel;2301268;0,004747475;;;;;;;;;;;;;;;;;;;;;;
340;cause;2294621;0,004733763;;;;;;;;;;;;;;;;;;;;;;
341;belle;2289731;0,004723675;;;;;;;;;;;;;;;;;;;;;;
342;type;2274867;0,00469301;;;;;;;;;;;;;;;;;;;;;;
343;esprit;2270161;0,004683302;;;;;;;;;;;;;;;;;;;;;;
344;public;2269036;0,004680981;;;;;;;;;;;;;;;;;;;;;;
345;passé;2268013;0,004678871;;;;;;;;;;;;;;;;;;;;;;
346;parfois;2258813;0,004659891;;;;;;;;;;;;;;;;;;;;;;
347;pourtant;2253497;0,004648925;;;;;;;;;;;;;;;;;;;;;;
348;donne;2252008;0,004645853;;;;;;;;;;;;;;;;;;;;;;
349;aucune;2238746;0,004618493;;;;;;;;;;;;;;;;;;;;;;
350;parler;2233695;0,004608073;;;;;;;;;;;;;;;;;;;;;;
351;loi;2233185;0,004607021;;;;;;;;;;;;;;;;;;;;;;
352;autant;2224738;0,004589595;;;;;;;;;;;;;;;;;;;;;;
353;propre;2209167;0,004557473;;;;;;;;;;;;;;;;;;;;;;
354;haut;2199910;0,004538375;;;;;;;;;;;;;;;;;;;;;;
355;derni?re;2191653;0,004521341;;;;;;;;;;;;;;;;;;;;;;
356;autour;2189408;0,00451671;;;;;;;;;;;;;;;;;;;;;;
357;santé;2186991;0,004511724;;;;;;;;;;;;;;;;;;;;;;
358;membres;2177739;0,004492637;;;;;;;;;;;;;;;;;;;;;;
359;agit;2176744;0,004490584;;;;;;;;;;;;;;;;;;;;;;
360;gouvernement;2173205;0,004483284;;;;;;;;;;;;;;;;;;;;;;
361;plan;2169454;0,004475545;;;;;;;;;;;;;;;;;;;;;;
362;programme;2159564;0,004455142;;;;;;;;;;;;;;;;;;;;;;
363;livre;2155867;0,004447516;;;;;;;;;;;;;;;;;;;;;;
364;fille;2153031;0,004441665;;;;;;;;;;;;;;;;;;;;;;
365;gros;2152701;0,004440984;;;;;;;;;;;;;;;;;;;;;;
366;cependant;2148237;0,004431775;;;;;;;;;;;;;;;;;;;;;;
367;genre;2147594;0,004430448;;;;;;;;;;;;;;;;;;;;;;
368;doute;2147007;0,004429238;;;;;;;;;;;;;;;;;;;;;;
369;d'ailleurs;2133251;0,004400859;;;;;;;;;;;;;;;;;;;;;;
370;fort;2123818;0,004381399;;;;;;;;;;;;;;;;;;;;;;
371;vais;2117656;0,004368687;;;;;;;;;;;;;;;;;;;;;;
372;semaine;2111284;0,004355542;;;;;;;;;;;;;;;;;;;;;;
373;vient;2102329;0,004337068;;;;;;;;;;;;;;;;;;;;;;
374;aura;2092038;0,004315837;;;;;;;;;;;;;;;;;;;;;;
375;mesure;2088199;0,004307918;;;;;;;;;;;;;;;;;;;;;;
376;p?re;2088150;0,004307817;;;;;;;;;;;;;;;;;;;;;;
377;jouer;2069793;0,004269946;;;;;;;;;;;;;;;;;;;;;;
378;guerre;2034050;0,004196209;;;;;;;;;;;;;;;;;;;;;;
379;peux;2027558;0,004182816;;;;;;;;;;;;;;;;;;;;;;
380;chacun;2027306;0,004182296;;;;;;;;;;;;;;;;;;;;;;
381;lire;2019611;0,004166422;;;;;;;;;;;;;;;;;;;;;;
382;sécurité;2017579;0,00416223;;;;;;;;;;;;;;;;;;;;;;
383;journée;2002531;0,004131186;;;;;;;;;;;;;;;;;;;;;;
384;titre;1999690;0,004125325;;;;;;;;;;;;;;;;;;;;;;
385;cadre;1998459;0,004122786;;;;;;;;;;;;;;;;;;;;;;
386;enfant;1997554;0,004120919;;;;;;;;;;;;;;;;;;;;;;
387;certaines;1995443;0,004116564;;;;;;;;;;;;;;;;;;;;;;
388;entreprises;1988620;0,004102488;;;;;;;;;;;;;;;;;;;;;;
389;presque;1987849;0,004100897;;;;;;;;;;;;;;;;;;;;;;
390;soir;1987837;0,004100873;;;;;;;;;;;;;;;;;;;;;;
391;vite;1976782;0,004078066;;;;;;;;;;;;;;;;;;;;;;
392;?tes;1974103;0,00407254;;;;;;;;;;;;;;;;;;;;;;
393;page;1967573;0,004059068;;;;;;;;;;;;;;;;;;;;;;
394;amour;1957704;0,004038709;;;;;;;;;;;;;;;;;;;;;;
395;important;1954141;0,004031358;;;;;;;;;;;;;;;;;;;;;;
396;action;1946221;0,00401502;;;;;;;;;;;;;;;;;;;;;;
397;nuit;1944594;0,004011663;;;;;;;;;;;;;;;;;;;;;;
398;quatre;1937725;0,003997492;;;;;;;;;;;;;;;;;;;;;;
399;offre;1936735;0,00399545;;;;;;;;;;;;;;;;;;;;;;
400;heure;1934358;0,003990546;;;;;;;;;;;;;;;;;;;;;;
401;mariage;1931342;0,003984324;;;;;;;;;;;;;;;;;;;;;;
402;force;1929300;0,003980112;;;;;;;;;;;;;;;;;;;;;;
403;doivent;1925243;0,003971742;;;;;;;;;;;;;;;;;;;;;;
404;produit;1911195;0,003942762;;;;;;;;;;;;;;;;;;;;;;
405;retour;1906467;0,003933008;;;;;;;;;;;;;;;;;;;;;;
406;région;1902869;0,003925585;;;;;;;;;;;;;;;;;;;;;;
407;grands;1899865;0,003919388;;;;;;;;;;;;;;;;;;;;;;
408;différents;1894255;0,003907815;;;;;;;;;;;;;;;;;;;;;;
409;points;1884460;0,003887608;;;;;;;;;;;;;;;;;;;;;;
410;blog;1880924;0,003880313;;;;;;;;;;;;;;;;;;;;;;
411;message;1876612;0,003871417;;;;;;;;;;;;;;;;;;;;;;
412;questions;1873102;0,003864176;;;;;;;;;;;;;;;;;;;;;;
413;utiliser;1870931;0,003859698;;;;;;;;;;;;;;;;;;;;;;
414;obtenir;1863111;0,003843565;;;;;;;;;;;;;;;;;;;;;;
415;informations;1862714;0,003842746;;;;;;;;;;;;;;;;;;;;;;
416;musique;1856319;0,003829553;;;;;;;;;;;;;;;;;;;;;;
417;plaisir;1853770;0,003824295;;;;;;;;;;;;;;;;;;;;;;
418;vont;1846931;0,003810186;;;;;;;;;;;;;;;;;;;;;;
419;petits;1841995;0,003800003;;;;;;;;;;;;;;;;;;;;;;
420;or;1836620;0,003788915;;;;;;;;;;;;;;;;;;;;;;
421;devrait;1833581;0,003782645;;;;;;;;;;;;;;;;;;;;;;
422;nature;1828350;0,003771854;;;;;;;;;;;;;;;;;;;;;;
423;ta;1827931;0,003770989;;;;;;;;;;;;;;;;;;;;;;
424;malgré;1827757;0,00377063;;;;;;;;;;;;;;;;;;;;;;
425;aider;1827028;0,003769126;;;;;;;;;;;;;;;;;;;;;;
426;s?r;1825754;0,003766498;;;;;;;;;;;;;;;;;;;;;;
427;an;1821062;0,003756819;;;;;;;;;;;;;;;;;;;;;;
428;laquelle;1820251;0,003755146;;;;;;;;;;;;;;;;;;;;;;
429;image;1817914;0,003750324;;;;;;;;;;;;;;;;;;;;;;
430;parmi;1814918;0,003744144;;;;;;;;;;;;;;;;;;;;;;
431;quelle;1812828;0,003739832;;;;;;;;;;;;;;;;;;;;;;
432;d'abord;1812783;0,003739739;;;;;;;;;;;;;;;;;;;;;;
433;information;1811112;0,003736292;;;;;;;;;;;;;;;;;;;;;;
434;conditions;1806606;0,003726996;;;;;;;;;;;;;;;;;;;;;;
435;tard;1801257;0,003715961;;;;;;;;;;;;;;;;;;;;;;
436;données;1800765;0,003714946;;;;;;;;;;;;;;;;;;;;;;
437;millions;1799768;0,00371289;;;;;;;;;;;;;;;;;;;;;;
438;fonction;1795796;0,003704695;;;;;;;;;;;;;;;;;;;;;;
439;voil?;1795191;0,003703447;;;;;;;;;;;;;;;;;;;;;;
440;gestion;1792279;0,00369744;;;;;;;;;;;;;;;;;;;;;;
441;occasion;1787313;0,003687195;;;;;;;;;;;;;;;;;;;;;;
442;tel;1779083;0,003670217;;;;;;;;;;;;;;;;;;;;;;
443;rendre;1777570;0,003667096;;;;;;;;;;;;;;;;;;;;;;
444;but;1775804;0,003663452;;;;;;;;;;;;;;;;;;;;;;
445;comprendre;1767006;0,003645302;;;;;;;;;;;;;;;;;;;;;;
446;sait;1751293;0,003612887;;;;;;;;;;;;;;;;;;;;;;
447;donné;1750351;0,003610943;;;;;;;;;;;;;;;;;;;;;;
448;ordre;1747617;0,003605303;;;;;;;;;;;;;;;;;;;;;;
449;moyen;1745627;0,003601198;;;;;;;;;;;;;;;;;;;;;;
450;terme;1743381;0,003596564;;;;;;;;;;;;;;;;;;;;;;
451;attention;1739249;0,00358804;;;;;;;;;;;;;;;;;;;;;;
452;Europe;1736368;0,003582097;;;;;;;;;;;;;;;;;;;;;;
453;nouveaux;1735991;0,003581319;;;;;;;;;;;;;;;;;;;;;;
454;plein;1732476;0,003574067;;;;;;;;;;;;;;;;;;;;;;
455;arrive;1729439;0,003567802;;;;;;;;;;;;;;;;;;;;;;
456;difficile;1726778;0,003562313;;;;;;;;;;;;;;;;;;;;;;
457;salle;1725041;0,003558729;;;;;;;;;;;;;;;;;;;;;;
458;risque;1724628;0,003557877;;;;;;;;;;;;;;;;;;;;;;
459;expérience;1723488;0,003555525;;;;;;;;;;;;;;;;;;;;;;
460;écrit;1715162;0,003538349;;;;;;;;;;;;;;;;;;;;;;
461;fond;1709734;0,003527151;;;;;;;;;;;;;;;;;;;;;;
462;veux;1706406;0,003520285;;;;;;;;;;;;;;;;;;;;;;
463;parti;1704932;0,003517245;;;;;;;;;;;;;;;;;;;;;;
464;plupart;1704451;0,003516252;;;;;;;;;;;;;;;;;;;;;;
465;existe;1702169;0,003511545;;;;;;;;;;;;;;;;;;;;;;
466;longtemps;1701701;0,003510579;;;;;;;;;;;;;;;;;;;;;;
467;pouvait;1698297;0,003503557;;;;;;;;;;;;;;;;;;;;;;
468;sites;1685061;0,003476251;;;;;;;;;;;;;;;;;;;;;;
469;intérieur;1682137;0,003470219;;;;;;;;;;;;;;;;;;;;;;
470;m?re;1676126;0,003457818;;;;;;;;;;;;;;;;;;;;;;
471;mai;1671919;0,003449139;;;;;;;;;;;;;;;;;;;;;;
472;art;1667276;0,003439561;;;;;;;;;;;;;;;;;;;;;;
473;fais;1666235;0,003437413;;;;;;;;;;;;;;;;;;;;;;
474;prend;1664366;0,003433558;;;;;;;;;;;;;;;;;;;;;;
475;voix;1664063;0,003432933;;;;;;;;;;;;;;;;;;;;;;
476;étais;1662548;0,003429807;;;;;;;;;;;;;;;;;;;;;;
477;sein;1662264;0,003429221;;;;;;;;;;;;;;;;;;;;;;
478;beau;1661796;0,003428256;;;;;;;;;;;;;;;;;;;;;;
479;école;1660212;0,003424988;;;;;;;;;;;;;;;;;;;;;;
480;espace;1650606;0,003405171;;;;;;;;;;;;;;;;;;;;;;
481;particulier;1648475;0,003400775;;;;;;;;;;;;;;;;;;;;;;
482;amis;1647470;0,003398702;;;;;;;;;;;;;;;;;;;;;;
483;bas;1644868;0,003393334;;;;;;;;;;;;;;;;;;;;;;
484;sinon;1643261;0,003390018;;;;;;;;;;;;;;;;;;;;;;
485;euros;1642942;0,00338936;;;;;;;;;;;;;;;;;;;;;;
486;création;1640652;0,003384636;;;;;;;;;;;;;;;;;;;;;;
487;fils;1634123;0,003371167;;;;;;;;;;;;;;;;;;;;;;
488;avis;1633418;0,003369712;;;;;;;;;;;;;;;;;;;;;;
489;rôle;1629295;0,003361207;;;;;;;;;;;;;;;;;;;;;;
490;activités;1627729;0,003357976;;;;;;;;;;;;;;;;;;;;;;
491;sorte;1626220;0,003354863;;;;;;;;;;;;;;;;;;;;;;
492;valeur;1625401;0,003353174;;;;;;;;;;;;;;;;;;;;;;
493;environ;1620504;0,003343071;;;;;;;;;;;;;;;;;;;;;;
494;période;1615787;0,00333334;;;;;;;;;;;;;;;;;;;;;;
495;regard;1615353;0,003332445;;;;;;;;;;;;;;;;;;;;;;
496;différentes;1615010;0,003331737;;;;;;;;;;;;;;;;;;;;;;
497;utilisation;1613561;0,003328748;;;;;;;;;;;;;;;;;;;;;;
498;réponse;1613083;0,003327762;;;;;;;;;;;;;;;;;;;;;;
499;prise;1612608;0,003326782;;;;;;;;;;;;;;;;;;;;;;
500;presents;1611055;0,003323578;;;;;;;;;;;;;;;;;;;;;;
;;;0;;;;;;;;;;;;;;;;;;;;;;
;;;;;;;;;;;;;;;;;;;;;;;;;
;;;;;;;;;;;;;;;;;;;;;;;;;
;;;;;;;;;;;;;;;;;;;;;;;;;
;;;;;;;;;;;;;;;;;;;;;;;;;
;;;;;;;;;;;;;;;;;;;;;;;;;
;;;;;;;;;;;;;;;;;;;;;;;;;
;;;;;;;;;;;;;;;;;;;;;;;;;
;;;;;;;;;;;;;;;;;;;;;;;;;
;;;;;;;;;;;;;;;;;;;;;;;;;
;;;;;;;;;;;;;;;;;;;;;;;;;
;;;;;;;;;;;;;;;;;;;;;;;;;
;;;;;;;;;;;;;;;;;;;;;;;;;
;;;;;;;;;;;;;;;;;;;;;;;;;
;;;;;;;;;;;;;;;;;;;;;;;;;
;;;;;;;;;;;;;;;;;;;;;;;;;
;;;;;;;;;;;;;;;;;;;;;;;;;
;;;;;;;;;;;;;;;;;;;;;;;;;
;;;;;;;;;;;;;;;;;;;;;;;;;
;;;;;;;;;;;;;;;;;;;;;;;;;
;;;;;;;;;;;;;;;;;;;;;;;;;
;;;;;;;;;;;;;;;;;;;;;;;;;
;;;;;;;;;;;;;;;;;;;;;;;;;
;;;;;;;;;;;;;;;;;;;;;;;;;
;;;;;;;;;;;;;;;;;;;;;;;;;
;;;;;;;;;;;;;;;;;;;;;;;;;
;;;;;;;;;;;;;;;;;;;;;;;;;
;;;;;;;;;;;;;;;;;;;;;;;;;
;;;;;;;;;;;;;;;;;;;;;;;;;
;;;;;;;;;;;;;;;;;;;;;;;;;
;;;;;;;;;;;;;;;;;;;;;;;;;
;;;;;;;;;;;;;;;;;;;;;;;;;
;;;;;;;;;;;;;;;;;;;;;;;;;
;;;;;;;;;;;;;;;;;;;;;;;;;
;;;;;;;;;;;;;;;;;;;;;;;;;
;;;;;;;;;;;;;;;;;;;;;;;;;
;;;;;;;;;;;;;;;;;;;;;;;;;
;;;;;;;;;;;;;;;;;;;;;;;;;
;;;;;;;;;;;;;;;;;;;;;;;;;
;;;;;;;;;;;;;;;;;;;;;;;;;
;;;;;;;;;;;;;;;;;;;;;;;;;
;;;;;;;;;;;;;;;;;;;;;;;;;
;;;;;;;;;;;;;;;;;;;;;;;;;
;;;;;;;;;;;;;;;;;;;;;;;;;
;;;;;;;;;;;;;;;;;;;;;;;;;
;;;;;;;;;;;;;;;;;;;;;;;;;
;;;;;;;;;;;;;;;;;;;;;;;;;
;;;;;;;;;;;;;;;;;;;;;;;;;
;;;;;;;;;;;;;;;;;;;;;;;;;
;;;;;;;;;;;;;;;;;;;;;;;;;
;;;;;;;;;;;;;;;;;;;;;;;;;
;;;;;;;;;;;;;;;;;;;;;;;;;
;;;;;;;;;;;;;;;;;;;;;;;;;
;;;;;;;;;;;;;;;;;;;;;;;;;
;;;;;;;;;;;;;;;;;;;;;;;;;
;;;;;;;;;;;;;;;;;;;;;;;;;
;;;;;;;;;;;;;;;;;;;;;;;;;
;;;;;;;;;;;;;;;;;;;;;;;;;
;;;;;;;;;;;;;;;;;;;;;;;;;
;;;;;;;;;;;;;;;;;;;;;;;;;
;;;;;;;;;;;;;;;;;;;;;;;;;
;;;;;;;;;;;;;;;;;;;;;;;;;
;;;;;;;;;;;;;;;;;;;;;;;;;
;;;;;;;;;;;;;;;;;;;;;;;;;
;;;;;;;;;;;;;;;;;;;;;;;;;
;;;;;;;;;;;;;;;;;;;;;;;;;
;;;;;;;;;;;;;;;;;;;;;;;;;
;;;;;;;;;;;;;;;;;;;;;;;;;
;;;;;;;;;;;;;;;;;;;;;;;;;
;;;;;;;;;;;;;;;;;;;;;;;;;
;;;;;;;;;;;;;;;;;;;;;;;;;
;;;;;;;;;;;;;;;;;;;;;;;;;
;;;;;;;;;;;;;;;;;;;;;;;;;
;;;;;;;;;;;;;;;;;;;;;;;;;
;;;;;;;;;;;;;;;;;;;;;;;;;
;;;;;;;;;;;;;;;;;;;;;;;;;
;;;;;;;;;;;;;;;;;;;;;;;;;
;;;;;;;;;;;;;;;;;;;;;;;;;
;;;;;;;;;;;;;;;;;;;;;;;;;
;;;;;;;;;;;;;;;;;;;;;;;;;
;;;;;;;;;;;;;;;;;;;;;;;;;
;;;;;;;;;;;;;;;;;;;;;;;;;
;;;;;;;;;;;;;;;;;;;;;;;;;
;;;;;;;;;;;;;;;;;;;;;;;;;
;;;;;;;;;;;;;;;;;;;;;;;;;
;;;;;;;;;;;;;;;;;;;;;;;;;
;;;;;;;;;;;;;;;;;;;;;;;;;
;;;;;;;;;;;;;;;;;;;;;;;;;
;;;;;;;;;;;;;;;;;;;;;;;;;
;;;;;;;;;;;;;;;;;;;;;;;;;
;;;;;;;;;;;;;;;;;;;;;;;;;
;;;;;;;;;;;;;;;;;;;;;;;;;
;;;;;;;;;;;;;;;;;;;;;;;;;
;;;;;;;;;;;;;;;;;;;;;;;;;
;;;;;;;;;;;;;;;;;;;;;;;;;
;;;;;;;;;;;;;;;;;;;;;;;;;
;;;;;;;;;;;;;;;;;;;;;;;;;
;;;;;;;;;;;;;;;;;;;;;;;;;
;;;;;;;;;;;;;;;;;;;;;;;;;
;;;;;;;;;;;;;;;;;;;;;;;;;
;;;;;;;;;;;;;;;;;;;;;;;;;
;;;;;;;;;;;;;;;;;;;;;;;;;
;;;;;;;;;;;;;;;;;;;;;;;;;
;;;;;;;;;;;;;;;;;;;;;;;;;
;;;;;;;;;;;;;;;;;;;;;;;;;
;;;;;;;;;;;;;;;;;;;;;;;;;
;;;;;;;;;;;;;;;;;;;;;;;;;
;;;;;;;;;;;;;;;;;;;;;;;;;
;;;;;;;;;;;;;;;;;;;;;;;;;
;;;;;;;;;;;;;;;;;;;;;;;;;
;;;;;;;;;;;;;;;;;;;;;;;;;
;;;;;;;;;;;;;;;;;;;;;;;;;
;;;;;;;;;;;;;;;;;;;;;;;;;
;;;;;;;;;;;;;;;;;;;;;;;;;
;;;;;;;;;;;;;;;;;;;;;;;;;
;;;;;;;;;;;;;;;;;;;;;;;;;
;;;;;;;;;;;;;;;;;;;;;;;;;
;;;;;;;;;;;;;;;;;;;;;;;;;
;;;;;;;;;;;;;;;;;;;;;;;;;
;;;;;;;;;;;;;;;;;;;;;;;;;
;;;;;;;;;;;;;;;;;;;;;;;;;
;;;;;;;;;;;;;;;;;;;;;;;;;
;;;;;;;;;;;;;;;;;;;;;;;;;
;;;;;;;;;;;;;;;;;;;;;;;;;
;;;;;;;;;;;;;;;;;;;;;;;;;
;;;;;;;;;;;;;;;;;;;;;;;;;
;;;;;;;;;;;;;;;;;;;;;;;;;
;;;;;;;;;;;;;;;;;;;;;;;;;
;;;;;;;;;;;;;;;;;;;;;;;;;
;;;;;;;;;;;;;;;;;;;;;;;;;
;;;;;;;;;;;;;;;;;;;;;;;;;
;;;;;;;;;;;;;;;;;;;;;;;;;
;;;;;;;;;;;;;;;;;;;;;;;;;
;;;;;;;;;;;;;;;;;;;;;;;;;
;;;;;;;;;;;;;;;;;;;;;;;;;
;;;;;;;;;;;;;;;;;;;;;;;;;
;;;;;;;;;;;;;;;;;;;;;;;;;
;;;;;;;;;;;;;;;;;;;;;;;;;
;;;;;;;;;;;;;;;;;;;;;;;;;
;;;;;;;;;;;;;;;;;;;;;;;;;
;;;;;;;;;;;;;;;;;;;;;;;;;
;;;;;;;;;;;;;;;;;;;;;;;;;
;;;;;;;;;;;;;;;;;;;;;;;;;
;;;;;;;;;;;;;;;;;;;;;;;;;
;;;;;;;;;;;;;;;;;;;;;;;;;
;;;;;;;;;;;;;;;;;;;;;;;;;
;;;;;;;;;;;;;;;;;;;;;;;;;
;;;;;;;;;;;;;;;;;;;;;;;;;
;;;;;;;;;;;;;;;;;;;;;;;;;
;;;;;;;;;;;;;;;;;;;;;;;;;
;;;;;;;;;;;;;;;;;;;;;;;;;
;;;;;;;;;;;;;;;;;;;;;;;;;
;;;;;;;;;;;;;;;;;;;;;;;;;
;;;;;;;;;;;;;;;;;;;;;;;;;
;;;;;;;;;;;;;;;;;;;;;;;;;
;;;;;;;;;;;;;;;;;;;;;;;;;
;;;;;;;;;;;;;;;;;;;;;;;;;
;;;;;;;;;;;;;;;;;;;;;;;;;
;;;;;;;;;;;;;;;;;;;;;;;;;
;;;;;;;;;;;;;;;;;;;;;;;;;
;;;;;;;;;;;;;;;;;;;;;;;;;
;;;;;;;;;;;;;;;;;;;;;;;;;
;;;;;;;;;;;;;;;;;;;;;;;;;
;;;;;;;;;;;;;;;;;;;;;;;;;
;;;;;;;;;;;;;;;;;;;;;;;;;
;;;;;;;;;;;;;;;;;;;;;;;;;
;;;;;;;;;;;;;;;;;;;;;;;;;
;;;;;;;;;;;;;;;;;;;;;;;;;
;;;;;;;;;;;;;;;;;;;;;;;;;
;;;;;;;;;;;;;;;;;;;;;;;;;
;;;;;;;;;;;;;;;;;;;;;;;;;
;;;;;;;;;;;;;;;;;;;;;;;;;
;;;;;;;;;;;;;;;;;;;;;;;;;
;;;;;;;;;;;;;;;;;;;;;;;;;
;;;;;;;;;;;;;;;;;;;;;;;;;
;;;;;;;;;;;;;;;;;;;;;;;;;
;;;;;;;;;;;;;;;;;;;;;;;;;
;;;;;;;;;;;;;;;;;;;;;;;;;
;;;;;;;;;;;;;;;;;;;;;;;;;
;;;;;;;;;;;;;;;;;;;;;;;;;
;;;;;;;;;;;;;;;;;;;;;;;;;
;;;;;;;;;;;;;;;;;;;;;;;;;
;;;;;;;;;;;;;;;;;;;;;;;;;
;;;;;;;;;;;;;;;;;;;;;;;;;
;;;;;;;;;;;;;;;;;;;;;;;;;
;;;;;;;;;;;;;;;;;;;;;;;;;
;;;;;;;;;;;;;;;;;;;;;;;;;
;;;;;;;;;;;;;;;;;;;;;;;;;
;;;;;;;;;;;;;;;;;;;;;;;;;
;;;;;;;;;;;;;;;;;;;;;;;;;
;;;;;;;;;;;;;;;;;;;;;;;;;
;;;;;;;;;;;;;;;;;;;;;;;;;
;;;;;;;;;;;;;;;;;;;;;;;;;
;;;;;;;;;;;;;;;;;;;;;;;;;
;;;;;;;;;;;;;;;;;;;;;;;;;
;;;;;;;;;;;;;;;;;;;;;;;;;
;;;;;;;;;;;;;;;;;;;;;;;;;
;;;;;;;;;;;;;;;;;;;;;;;;;
;;;;;;;;;;;;;;;;;;;;;;;;;
;;;;;;;;;;;;;;;;;;;;;;;;;
;;;;;;;;;;;;;;;;;;;;;;;;;
;;;;;;;;;;;;;;;;;;;;;;;;;
;;;;;;;;;;;;;;;;;;;;;;;;;
;;;;;;;;;;;;;;;;;;;;;;;;;
;;;;;;;;;;;;;;;;;;;;;;;;;
;;;;;;;;;;;;;;;;;;;;;;;;;
;;;;;;;;;;;;;;;;;;;;;;;;;
;;;;;;;;;;;;;;;;;;;;;;;;;
;;;;;;;;;;;;;;;;;;;;;;;;;
;;;;;;;;;;;;;;;;;;;;;;;;;
;;;;;;;;;;;;;;;;;;;;;;;;;
;;;;;;;;;;;;;;;;;;;;;;;;;
;;;;;;;;;;;;;;;;;;;;;;;;;
;;;;;;;;;;;;;;;;;;;;;;;;;
;;;;;;;;;;;;;;;;;;;;;;;;;
;;;;;;;;;;;;;;;;;;;;;;;;;
;;;;;;;;;;;;;;;;;;;;;;;;;
;;;;;;;;;;;;;;;;;;;;;;;;;
;;;;;;;;;;;;;;;;;;;;;;;;;
;;;;;;;;;;;;;;;;;;;;;;;;;
;;;;;;;;;;;;;;;;;;;;;;;;;
;;;;;;;;;;;;;;;;;;;;;;;;;
;;;;;;;;;;;;;;;;;;;;;;;;;
;;;;;;;;;;;;;;;;;;;;;;;;;
;;;;;;;;;;;;;;;;;;;;;;;;;
;;;;;;;;;;;;;;;;;;;;;;;;;
;;;;;;;;;;;;;;;;;;;;;;;;;
;;;;;;;;;;;;;;;;;;;;;;;;;
;;;;;;;;;;;;;;;;;;;;;;;;;
;;;;;;;;;;;;;;;;;;;;;;;;;
;;;;;;;;;;;;;;;;;;;;;;;;;
;;;;;;;;;;;;;;;;;;;;;;;;;
;;;;;;;;;;;;;;;;;;;;;;;;;
;;;;;;;;;;;;;;;;;;;;;;;;;
;;;;;;;;;;;;;;;;;;;;;;;;;
;;;;;;;;;;;;;;;;;;;;;;;;;
;;;;;;;;;;;;;;;;;;;;;;;;;
;;;;;;;;;;;;;;;;;;;;;;;;;
;;;;;;;;;;;;;;;;;;;;;;;;;
;;;;;;;;;;;;;;;;;;;;;;;;;
;;;;;;;;;;;;;;;;;;;;;;;;;
;;;;;;;;;;;;;;;;;;;;;;;;;
;;;;;;;;;;;;;;;;;;;;;;;;;
;;;;;;;;;;;;;;;;;;;;;;;;;
;;;;;;;;;;;;;;;;;;;;;;;;;
;;;;;;;;;;;;;;;;;;;;;;;;;
;;;;;;;;;;;;;;;;;;;;;;;;;
;;;;;;;;;;;;;;;;;;;;;;;;;
;;;;;;;;;;;;;;;;;;;;;;;;;
;;;;;;;;;;;;;;;;;;;;;;;;;
;;;;;;;;;;;;;;;;;;;;;;;;;
;;;;;;;;;;;;;;;;;;;;;;;;;
;;;;;;;;;;;;;;;;;;;;;;;;;
;;;;;;;;;;;;;;;;;;;;;;;;;
;;;;;;;;;;;;;;;;;;;;;;;;;
;;;;;;;;;;;;;;;;;;;;;;;;;
;;;;;;;;;;;;;;;;;;;;;;;;;
;;;;;;;;;;;;;;;;;;;;;;;;;
;;;;;;;;;;;;;;;;;;;;;;;;;
;;;;;;;;;;;;;;;;;;;;;;;;;
;;;;;;;;;;;;;;;;;;;;;;;;;
;;;;;;;;;;;;;;;;;;;;;;;;;
;;;;;;;;;;;;;;;;;;;;;;;;;
;;;;;;;;;;;;;;;;;;;;;;;;;
;;;;;;;;;;;;;;;;;;;;;;;;;
;;;;;;;;;;;;;;;;;;;;;;;;;
;;;;;;;;;;;;;;;;;;;;;;;;;
;;;;;;;;;;;;;;;;;;;;;;;;;
;;;;;;;;;;;;;;;;;;;;;;;;;
;;;;;;;;;;;;;;;;;;;;;;;;;
;;;;;;;;;;;;;;;;;;;;;;;;;
;;;;;;;;;;;;;;;;;;;;;;;;;
;;;;;;;;;;;;;;;;;;;;;;;;;
;;;;;;;;;;;;;;;;;;;;;;;;;
;;;;;;;;;;;;;;;;;;;;;;;;;
;;;;;;;;;;;;;;;;;;;;;;;;;
;;;;;;;;;;;;;;;;;;;;;;;;;
;;;;;;;;;;;;;;;;;;;;;;;;;
;;;;;;;;;;;;;;;;;;;;;;;;;
;;;;;;;;;;;;;;;;;;;;;;;;;
;;;;;;;;;;;;;;;;;;;;;;;;;
;;;;;;;;;;;;;;;;;;;;;;;;;
;;;;;;;;;;;;;;;;;;;;;;;;;
;;;;;;;;;;;;;;;;;;;;;;;;;
;;;;;;;;;;;;;;;;;;;;;;;;;
;;;;;;;;;;;;;;;;;;;;;;;;;
;;;;;;;;;;;;;;;;;;;;;;;;;
;;;;;;;;;;;;;;;;;;;;;;;;;
;;;;;;;;;;;;;;;;;;;;;;;;;
;;;;;;;;;;;;;;;;;;;;;;;;;
;;;;;;;;;;;;;;;;;;;;;;;;;
;;;;;;;;;;;;;;;;;;;;;;;;;
;;;;;;;;;;;;;;;;;;;;;;;;;
;;;;;;;;;;;;;;;;;;;;;;;;;
;;;;;;;;;;;;;;;;;;;;;;;;;
;;;;;;;;;;;;;;;;;;;;;;;;;
;;;;;;;;;;;;;;;;;;;;;;;;;
;;;;;;;;;;;;;;;;;;;;;;;;;
;;;;;;;;;;;;;;;;;;;;;;;;;
;;;;;;;;;;;;;;;;;;;;;;;;;
;;;;;;;;;;;;;;;;;;;;;;;;;
;;;;;;;;;;;;;;;;;;;;;;;;;
;;;;;;;;;;;;;;;;;;;;;;;;;
;;;;;;;;;;;;;;;;;;;;;;;;;
;;;;;;;;;;;;;;;;;;;;;;;;;
;;;;;;;;;;;;;;;;;;;;;;;;;
;;;;;;;;;;;;;;;;;;;;;;;;;
;;;;;;;;;;;;;;;;;;;;;;;;;
;;;;;;;;;;;;;;;;;;;;;;;;;
;;;;;;;;;;;;;;;;;;;;;;;;;
;;;;;;;;;;;;;;;;;;;;;;;;;
;;;;;;;;;;;;;;;;;;;;;;;;;
;;;;;;;;;;;;;;;;;;;;;;;;;
;;;;;;;;;;;;;;;;;;;;;;;;;
;;;;;;;;;;;;;;;;;;;;;;;;;
;;;;;;;;;;;;;;;;;;;;;;;;;
;;;;;;;;;;;;;;;;;;;;;;;;;
;;;;;;;;;;;;;;;;;;;;;;;;;
;;;;;;;;;;;;;;;;;;;;;;;;;
;;;;;;;;;;;;;;;;;;;;;;;;;
;;;;;;;;;;;;;;;;;;;;;;;;;
;;;;;;;;;;;;;;;;;;;;;;;;;
;;;;;;;;;;;;;;;;;;;;;;;;;
;;;;;;;;;;;;;;;;;;;;;;;;;
;;;;;;;;;;;;;;;;;;;;;;;;;
;;;;;;;;;;;;;;;;;;;;;;;;;
;;;;;;;;;;;;;;;;;;;;;;;;;
;;;;;;;;;;;;;;;;;;;;;;;;;
;;;;;;;;;;;;;;;;;;;;;;;;;
;;;;;;;;;;;;;;;;;;;;;;;;;
;;;;;;;;;;;;;;;;;;;;;;;;;
;;;;;;;;;;;;;;;;;;;;;;;;;
;;;;;;;;;;;;;;;;;;;;;;;;;
;;;;;;;;;;;;;;;;;;;;;;;;;
;;;;;;;;;;;;;;;;;;;;;;;;;
;;;;;;;;;;;;;;;;;;;;;;;;;
;;;;;;;;;;;;;;;;;;;;;;;;;
;;;;;;;;;;;;;;;;;;;;;;;;;
;;;;;;;;;;;;;;;;;;;;;;;;;
;;;;;;;;;;;;;;;;;;;;;;;;;
;;;;;;;;;;;;;;;;;;;;;;;;;
;;;;;;;;;;;;;;;;;;;;;;;;;
;;;;;;;;;;;;;;;;;;;;;;;;;
;;;;;;;;;;;;;;;;;;;;;;;;;
;;;;;;;;;;;;;;;;;;;;;;;;;
;;;;;;;;;;;;;;;;;;;;;;;;;
;;;;;;;;;;;;;;;;;;;;;;;;;
;;;;;;;;;;;;;;;;;;;;;;;;;
;;;;;;;;;;;;;;;;;;;;;;;;;
;;;;;;;;;;;;;;;;;;;;;;;;;
;;;;;;;;;;;;;;;;;;;;;;;;;
;;;;;;;;;;;;;;;;;;;;;;;;;
;;;;;;;;;;;;;;;;;;;;;;;;;
;;;;;;;;;;;;;;;;;;;;;;;;;
;;;;;;;;;;;;;;;;;;;;;;;;;
;;;;;;;;;;;;;;;;;;;;;;;;;
;;;;;;;;;;;;;;;;;;;;;;;;;
;;;;;;;;;;;;;;;;;;;;;;;;;
;;;;;;;;;;;;;;;;;;;;;;;;;
;;;;;;;;;;;;;;;;;;;;;;;;;
;;;;;;;;;;;;;;;;;;;;;;;;;
;;;;;;;;;;;;;;;;;;;;;;;;;
;;;;;;;;;;;;;;;;;;;;;;;;;
;;;;;;;;;;;;;;;;;;;;;;;;;
;;;;;;;;;;;;;;;;;;;;;;;;;
;;;;;;;;;;;;;;;;;;;;;;;;;
;;;;;;;;;;;;;;;;;;;;;;;;;
;;;;;;;;;;;;;;;;;;;;;;;;;
;;;;;;;;;;;;;;;;;;;;;;;;;
;;;;;;;;;;;;;;;;;;;;;;;;;
;;;;;;;;;;;;;;;;;;;;;;;;;
;;;;;;;;;;;;;;;;;;;;;;;;;
;;;;;;;;;;;;;;;;;;;;;;;;;
;;;;;;;;;;;;;;;;;;;;;;;;;
;;;;;;;;;;;;;;;;;;;;;;;;;
;;;;;;;;;;;;;;;;;;;;;;;;;
;;;;;;;;;;;;;;;;;;;;;;;;;
;;;;;;;;;;;;;;;;;;;;;;;;;
;;;;;;;;;;;;;;;;;;;;;;;;;
;;;;;;;;;;;;;;;;;;;;;;;;;
;;;;;;;;;;;;;;;;;;;;;;;;;
